store_id,uptime_last_hour,uptime_last_day,uptime_last_week,downtime_last_hour,downtime_last_day,downtime_last_week
1,30.016666666666666,23.500277777777775,167.50027777777777,29.983333333333334,0.49972222222222223,0.49972222222222223
2,0.0,0.0,0.0,0.0,0.0,0.0
3,59.983333333333334,17.99972222222222,17.99972222222222,0.016666666666666666,6.000277777777778,150.00027777777777
