store_id,uptime_last_hour,downtime_last_hour,uptime_last_day,downtime_last_day
1,30.016666666666666,29.983333333333334,23.500277777777775,0.49972222222222223
2,0.0,0.0,0.0,0.0
3,59.983333333333334,0.016666666666666666,17.99972222222222,6.000277777777778
